<?xml version='1.0' encoding='UTF-8'?>

<!-- =========== FULL CONFIGURATION FILE ================================== -->

<faces-config version="2.0"
    xmlns="http://java.sun.com/xml/ns/javaee" 
    xmlns:xsi="http://www.w3.org/2001/XMLSchema-instance" 
    xsi:schemaLocation="http://java.sun.com/xml/ns/javaee http://java.sun.com/xml/ns/javaee/web-facesconfig_2_0.xsd">
  <navigation-rule>
   <from-view-id>/pages/inputname.jsp</from-view-id>
    <navigation-case>
     <from-outcome>greeting</from-outcome>
     <to-view-id>/pages/greeting.jsp</to-view-id>
   </navigation-case>
  </navigation-rule>
    <managed-bean>
        <managed-bean-name>personBean</managed-bean-name>
        <managed-bean-class>jsfgreeting.PersonBean</managed-bean-class>
        <managed-bean-scope>request</managed-bean-scope>
    </managed-bean>
</faces-config>

